{
  "FestoOriginPart3": {"X": 646.762, "Y": -238.548, "Z": -288.424, "A": 0.020, "B": 0, "C": 0},
  "FestoOriginPart4": {"X": 647.246, "Y": -200.635, "Z": -288.923, "A": 0.040, "B": 0, "C": 0},
  "FestoOriginPart5": {"X": 669.721, "Y": -159.904, "Z": -289.474, "A": 0.040, "B": 0, "C": 0},
  "FestoOriginPart6": {"X": 676.796, "Y": -228.829, "Z": -288.231, "A": 0.040, "B": 0, "C": 0},
  "FestoOriginPart7": {"X": 670.012, "Y": -264.314, "Z": -287.916, "A": 0.060, "B": 0, "C": 0},
  "FestoOriginPart8": {"X": 663.841, "Y": -291.051, "Z": -293.557, "A": 0.040, "B": 0, "C": 0},

  "FestoTargetPart3": {"X": 89.426, "Y": -139.036, "Z": -160.131, "A": 0.040, "B": 0, "C": 0},
  "FestoTargetPart4": {"X": 88.334, "Y": -93.503, "Z": -160.831, "A": 0.040, "B": 0, "C": 0},
  "FestoTargetPart5": {"X": 167.716, "Y": -83.242, "Z": -161.125, "A": 0.040, "B": 0, "C": 0},
  "FestoTargetPart6": { "X": 170.164, "Y": -157.425, "Z": -160.585, "A": 0.040, "B": 0, "C": 0},
  "FestoTargetPart7": {"X": 164.360, "Y": -221.729, "Z": -160.428, "A": 0.060, "B": 0, "C": 0},
  "FestoTargetPart8": {"X": 161.962, "Y": -277.735, "Z": -163.818, "A": 0.080, "B": 0, "C": 0},

  "KukaOriginPart3": {"X": 78.9594116,"Y": -610.566895,"Z": 116.009666,"A": 90.5686188,"B": -0.00127616385,"C": -179.985306},
  "KukaTargetPart3" : {"X": 481.262878,"Y": 611.208374,"Z": 377.814697,"A": 179.528625,"B": -0.609380901,"C": 178.589218},

  "KukaOriginPart4": {"X": 78.23,"Y": -557.09,"Z": 115.57,"A": -88.04,"B": -0.13,"C": -179.89},
  "KukaTargetPart4" : {"X": 481.2966,"Y": 535.103271,"Z": 377.781,"A": -177.988113,"B": -4.36264133,"C": 179.927032},

  "KukaOriginPart5": {"X": 160.582047,"Y": -552.524597,"Z": 113.958778,"A": -89.9629669,"B": -1.83182085,"C": 179.783},
  "KukaTargetPart5" : {"X": 476.543671,"Y": 558.34259,"Z": 376.051147,"A": -0.297377676,"B": -1.87697458,"C": 179.789505},

  "KukaOriginPart7": {"X": 157.428833,"Y": -688.923645,"Z": 116.399742,"A": 90.78965,"B": 0.0101134852,"C": -179.98616},
  "KukaTargetPart7" : {"X": 464.059113,"Y": 599.769714,"Z": 377.643341,"A": 0.688721359,"B": 0.0135463141,"C": 178.526474},

  "KukaOriginPart8": {"X": 153.594299,"Y": -744.390808,"Z": 113.840439,"A": -89.7869492,"B": -1.80688977,"C": -179.882446},
  "KukaTargetPart8" : {"X": 477.022308,"Y": 574.364868,"Z": 375.161926,"A": 0.119267054,"B": -1.8120935,"C": 176.730362}
}