{
  "FestoOriginPart3":{"X":608.053,"Y":-236.416,"Z":-290.353,"A":0.14,"B":0,"C":0},
  "FestoOriginPart4":{"X":609.139,"Y":-200.757,"Z":-290.164,"A":0.14,"B":0,"C":0},
  "FestoOriginPart5":{"X":630.971,"Y":-159.423,"Z":-291.810,"A":0.10,"B":0,"C":0},
  "FestoOriginPart6":{"X":632.964,"Y":-228.231,"Z":-289.869,"A":0.16,"B":0,"C":0},
  "FestoOriginPart7":{"X":631.877,"Y":-265.491,"Z":-289.537,"A":0.14,"B":0,"C":0},
  "FestoOriginPart8":{"X":625.348,"Y":-289.096,"Z":-294.63 ,"A":0.16,"B":0,"C":0},

  "FestoTargetPart3":{"X":45.8110,"Y":-136.803,"Z":-159.670,"A":0.14,"B":0,"C":0},
  "FestoTargetPart4":{"X":46.3470,"Y":-93.3440,"Z":-161.105,"A":0.14,"B":0,"C":0},
  "FestoTargetPart5":{"X":125.232,"Y":-82.1780,"Z":-162.219,"A":0.10,"B":0,"C":0},
  "FestoTargetPart6":{"X":123.088,"Y":-156.880,"Z":-161.437,"A":0.14,"B":0,"C":0},
  "FestoTargetPart7":{"X":121.853,"Y":-222.095,"Z":-161.044,"A":0.14,"B":0,"C":0},
  "FestoTargetPart8":{"X":120.086,"Y":-275.937,"Z":-163.837,"A":0.14,"B":0,"C":0},

  "KukaOriginPart3": {"X": 77.75,"Y": -607.35,"Z": 115.5,"A": 90.5686188,"B": -0.00127616385,"C": -179.985306},
  "KukaTargetPart3" : {"X": 478.22,"Y": 611.84,"Z": 377.52,"A": 179.82,"B": -0.0,"C": 179.93},

  "KukaOriginPart4": {"X": 77.39,"Y": -558.98,"Z": 114.53,"A": -88.04,"B": -0.13,"C": -179.89},
  "KukaTargetPart4" : {"X": 478.37,"Y": 534.88,"Z": 376.93,"A": -177.51,"B": -0.13,"C": -179.89},

  "KukaOriginPart5": {"X": 158.78,"Y": -552.57,"Z": 114.63,"A": -89.9629669,"B": -1.83182085,"C": 179.783},
  "KukaTargetPart5" : {"X": 476.35,"Y": 558.24,"Z": 375.95,"A": -0.57,"B": -1.83,"C": 179.789505},

  "KukaOriginPart7": {"X": 154.67,"Y": -687.63,"Z": 116.98,"A": 90.78965,"B": 0.0101134852,"C": -179.98616},
  "KukaTargetPart7" : {"X": 464.40,"Y": 601.02,"Z": 377.65,"A": -0.66,"B": -0.11,"C": -179.93},

  "KukaOriginPart8": {"X": 153.594299,"Y": -744.390808,"Z": 113.840439,"A": -89.7869492,"B": -1.80688977,"C": -179.882446},
  "KukaTargetPart8" : {"X": 476.55,"Y": 576.06,"Z": 375.25,"A": 0.12,"B": -1.81,"C": 176.730362}
}