{
  "FestoOriginPart3":{"X":608.053,"Y":-236.416,"Z":-290.353,"A":0.14,"B":0,"C":0},
  "FestoOriginPart4":{"X":609.139,"Y":-200.757,"Z":-290.164,"A":0.14,"B":0,"C":0},
  "FestoOriginPart5":{"X":630.971,"Y":-159.423,"Z":-291.810,"A":0.10,"B":0,"C":0},
  "FestoOriginPart6":{"X":632.964,"Y":-228.231,"Z":-289.869,"A":0.16,"B":0,"C":0},
  "FestoOriginPart7":{"X":631.877,"Y":-265.491,"Z":-289.537,"A":0.14,"B":0,"C":0},
  "FestoOriginPart8":{"X":625.348,"Y":-289.096,"Z":-294.63 ,"A":0.16,"B":0,"C":0},

  "FestoTargetPart3":{"X":47.7110,"Y":-137.403,"Z":-159.670,"A":0.14,"B":0,"C":0},
  "FestoTargetPart4":{"X":47.3470,"Y":-93.9440,"Z":-161.105,"A":0.14,"B":0,"C":0},
  "FestoTargetPart5":{"X":126.232,"Y":-82.6780,"Z":-162.219,"A":0.10,"B":0,"C":0},
  "FestoTargetPart6":{"X":123.088,"Y":-156.880,"Z":-161.437,"A":0.14,"B":0,"C":0},
  "FestoTargetPart7":{"X":123.853,"Y":-222.095,"Z":-161.044,"A":0.14,"B":0,"C":0},
  "FestoTargetPart8":{"X":122.086,"Y":-275.937,"Z":-163.837,"A":0.14,"B":0,"C":0},

  "KukaOriginPart3": {"X": 78.9594116,"Y": -610.566895,"Z": 116.009666,"A": 90.5686188,"B": -0.00127616385,"C": -179.985306},
  "KukaTargetPart3" : {"X": 481.262878,"Y": 612.608374,"Z": 377.814697,"A": 179.528625,"B": -0.609380901,"C": 178.589218},

  "KukaOriginPart4": {"X": 78.23,"Y": -557.09,"Z": 115.57,"A": -88.04,"B": -0.13,"C": -179.89},
  "KukaTargetPart4" : {"X": 481.2966,"Y": 535.103271,"Z": 377.781,"A": -177.988113,"B": -4.36264133,"C": 179.927032},

  "KukaOriginPart5": {"X": 160.582047,"Y": -552.524597,"Z": 113.958778,"A": -89.9629669,"B": -1.83182085,"C": 179.783},
  "KukaTargetPart5" : {"X": 476.543671,"Y": 560.27259,"Z": 376.051147,"A": -0.297377676,"B": -1.87697458,"C": 179.789505},

  "KukaOriginPart7": {"X": 157.428833,"Y": -688.923645,"Z": 116.399742,"A": 90.78965,"B": 0.0101134852,"C": -179.98616},
  "KukaTargetPart7" : {"X": 463.189113,"Y": 599.769714,"Z": 377.643341,"A": 0.688721359,"B": 0.0135463141,"C": 178.526474},

  "KukaOriginPart8": {"X": 153.594299,"Y": -744.390808,"Z": 113.840439,"A": -89.7869492,"B": -1.80688977,"C": -179.882446},
  "KukaTargetPart8" : {"X": 477.022308,"Y": 577.364868,"Z": 375.161926,"A": 0.119267054,"B": -1.8120935,"C": 176.730362}
}